,percentage,mean,standard deviation
sex,,,
Female,0,,
Male,0,,
age_at_baseline,,55.11239669421487,9.125536999965394
depression,,,
Yes,50.743801652892564,,
No,49.256198347107436,,
months_depression_after_baseline,,73.75124864277959,57.531792490140674
source_of_depression_reporting,,,
Category_A,15.702479338842975,,
Category_B,21.818181818181817,,
Category_E,21.65289256198347,,
Category_C,21.818181818181817,,
Category_D,19.00826446280992,,
