,percentage,mean,standard deviation
sex,,,
Female,0,,
Male,0,,
age_at_baseline,,55.348333333333336,8.787625836099362
depression,,,
Yes,49.666666666666664,,
No,50.33333333333333,,
months_depression_after_baseline,,69.76118568232661,60.707255663321796
source_of_depression_reporting,,,
Category_C,18.5,,
Category_B,17.833333333333336,,
Category_E,20.166666666666664,,
Category_A,22.166666666666668,,
Category_D,21.333333333333336,,
